タイトル,投稿日,再生数,高評価,コメント数,取得日
✍️僕青メンバー紹介⋆｡ﾟ✧ #早﨑すずき ✣­­𝖧𝖠𝖸𝖠𝖲𝖠𝖪𝖨 𝖲𝖴𝖹𝖴𝖪𝖨✣ 🔔  #僕が見たかった青空 #僕青,2026-10-05,14683,635,22,2026-10-06
#MORESTAR #新井心菜 さん🧡 #遠藤まりん さん💙と一緒に「#空色の水しぶき」🚣‍♀️ @MORE_STAR1212,2026-10-05,7686,434,10,2026-10-06
【爆笑&白熱】僕青ミニミニ運動会 柳堀軍 VS 塩釜軍 🔥,2026-10-04,54278,1126,184,2026-10-06
🎤「#空色の水しぶき 」#早﨑すずき  推し動画🎥 #僕が見たかった青空 #僕青 #anation,2026-10-04,10184,551,27,2026-10-06
新制服＆ハーフツインのあみーごに大接近🤎🎀#金澤亜美  #僕が見たかった青空 #僕青,2026-10-04,6920,376,20,2026-10-06
「a-nation 2026」ダイジェスト💙2年ぶりのa-nationでのパフォーマンスありがとうございました✨#anation2026#僕が見たかった青空 #僕青,2026-10-03,17900,593,14,2026-10-06
「a-nation 2026」ありがとうございました💙 #anation2026 #僕が見たかった青空 #僕青,2026-10-03,19087,732,25,2026-10-06
エレンの雑談と言っても過言ではない。#13,2026-10-03,9619,153,2,2026-10-06
君と紡ぐ赤い糸　#杉浦英恋 #八木仁愛 #僕が見たかった青空 #僕青 #dance,2026-10-02,9594,336,11,2026-10-06
うなとリコ🐟さかなぁぁぁぁぁ!!!明日はSASUKEアイドル予選会2026に#須永心海 が出場します🔥 #岩本理瑚 #僕が見たかった青空 #僕青,2026-09-30,14349,308,16,2026-10-06
自由自在に身体を操る八木の意外な一面…?!🐶#八木仁愛 #八木ダンス#ATEEZ #BAD#僕が見たかった青空,2026-09-28,10977,493,27,2026-10-06
#CANDYTUNE #小川奈々子 さん💚 #桐原美月 さん💙と一緒に「#空色の水しぶき」🚣‍♀️ @candy_tune  #きゃんちゅー #ガルアワ2026AW#僕が見たかった青空 #僕青,2026-09-28,14652,950,19,2026-10-06
9th新制服に変身🪄最後まで見てね🔔 #早﨑すずき #僕が見たかった青空 #僕青 #makeup,2026-09-27,10084,360,11,2026-10-06
あみ×すず🎀🔔『Rakuten GirlsAward 2026 AUTUMN/WINTER』ありがとうございました💙#金澤亜美 #早﨑すずき #ガルアワ2026AW#僕が見たかった青空 #僕青,2026-09-26,5840,249,9,2026-10-06
セルフ音源で練習中のすずあみ🔔🎀 #金澤亜美 #早﨑すずき #僕青 #僕が見たかった青空,2026-09-26,13943,566,21,2026-10-06
#金澤亜美 推しカメラ🎥🎵「#あれはフェアリー」　#僕が見たかった青空 #僕青,2026-09-25,6609,364,11,2026-10-06
エレンの雑談と言っても過言ではない。#12,2026-09-25,10920,177,11,2026-10-06
犬派ですか?猫派ですか?🐶🐱#いぬねこ青春真っ盛り #塩釜菜那 #安納蒼衣 #僕が見たかった青空 #僕青,2026-09-24,7352,242,13,2026-10-06
早﨑すずき 推しカメラ🎥🎵「#空色の水しぶき 」#アオゾラサマーフェスティバル2026 にて披露🚣‍♂️ #僕が見たかった青空 #僕青,2026-09-23,10494,622,15,2026-10-06
✍️僕青メンバー紹介⋆｡ﾟ✧ #秋田莉杏 ✣­­𝖠𝖪𝖨𝖳𝖠 𝖱𝖨𝖠𝖭✣­­🥋 #僕が見たかった青空 #僕青,2026-10-06,7940,348,20,2026-10-07
✍️僕青メンバー紹介⋆｡ﾟ✧ #早﨑すずき ✣­­𝖧𝖠𝖸𝖠𝖲𝖠𝖪𝖨 𝖲𝖴𝖹𝖴𝖪𝖨✣ 🔔  #僕が見たかった青空 #僕青,2026-10-05,17551,730,22,2026-10-07
#MORESTAR #新井心菜 さん🧡 #遠藤まりん さん💙と一緒に「#空色の水しぶき」🚣‍♀️ @MORE_STAR1212,2026-10-05,10452,557,10,2026-10-07
【爆笑&白熱】僕青ミニミニ運動会 柳堀軍 VS 塩釜軍 🔥,2026-10-04,65387,1210,196,2026-10-07
🎤「#空色の水しぶき 」#早﨑すずき  推し動画🎥 #僕が見たかった青空 #僕青 #anation,2026-10-04,11209,595,27,2026-10-07
新制服＆ハーフツインのあみーごに大接近🤎🎀#金澤亜美  #僕が見たかった青空 #僕青,2026-10-04,7672,389,21,2026-10-07
「a-nation 2026」ダイジェスト💙2年ぶりのa-nationでのパフォーマンスありがとうございました✨#anation2026#僕が見たかった青空 #僕青,2026-10-03,18631,618,15,2026-10-07
「a-nation 2026」ありがとうございました💙 #anation2026 #僕が見たかった青空 #僕青,2026-10-03,19932,747,25,2026-10-07
エレンの雑談と言っても過言ではない。#13,2026-10-03,9759,153,2,2026-10-07
君と紡ぐ赤い糸　#杉浦英恋 #八木仁愛 #僕が見たかった青空 #僕青 #dance,2026-10-02,10527,356,11,2026-10-07
うなとリコ🐟さかなぁぁぁぁぁ!!!明日はSASUKEアイドル予選会2026に#須永心海 が出場します🔥 #岩本理瑚 #僕が見たかった青空 #僕青,2026-09-30,15035,323,16,2026-10-07
自由自在に身体を操る八木の意外な一面…?!🐶#八木仁愛 #八木ダンス#ATEEZ #BAD#僕が見たかった青空,2026-09-28,11229,498,27,2026-10-07
#CANDYTUNE #小川奈々子 さん💚 #桐原美月 さん💙と一緒に「#空色の水しぶき」🚣‍♀️ @candy_tune  #きゃんちゅー #ガルアワ2026AW#僕が見たかった青空 #僕青,2026-09-28,14924,959,19,2026-10-07
9th新制服に変身🪄最後まで見てね🔔 #早﨑すずき #僕が見たかった青空 #僕青 #makeup,2026-09-27,10275,360,11,2026-10-07
あみ×すず🎀🔔『Rakuten GirlsAward 2026 AUTUMN/WINTER』ありがとうございました💙#金澤亜美 #早﨑すずき #ガルアワ2026AW#僕が見たかった青空 #僕青,2026-09-26,5961,249,9,2026-10-07
セルフ音源で練習中のすずあみ🔔🎀 #金澤亜美 #早﨑すずき #僕青 #僕が見たかった青空,2026-09-26,14120,568,21,2026-10-07
#金澤亜美 推しカメラ🎥🎵「#あれはフェアリー」　#僕が見たかった青空 #僕青,2026-09-25,6736,369,11,2026-10-07
エレンの雑談と言っても過言ではない。#12,2026-09-25,10973,177,11,2026-10-07
犬派ですか?猫派ですか?🐶🐱#いぬねこ青春真っ盛り #塩釜菜那 #安納蒼衣 #僕が見たかった青空 #僕青,2026-09-24,7459,243,13,2026-10-07
✍️僕青メンバー紹介⋆｡ﾟ✧#須永心海 ✣­­𝖲𝖴𝖭𝖠𝖦𝖠 𝖬𝖨𝖴𝖭𝖠✣­­🫧9th SINGLE 2026.11.18 RELEASE #僕が見たかった青空 #僕青,2026-10-07,10746,468,36,2026-10-08
✍️僕青メンバー紹介⋆｡ﾟ✧ #秋田莉杏 ✣­­𝖠𝖪𝖨𝖳𝖠 𝖱𝖨𝖠𝖭✣­­🥋 #僕が見たかった青空 #僕青,2026-10-06,10204,397,26,2026-10-08
✍️僕青メンバー紹介⋆｡ﾟ✧ #早﨑すずき ✣­­𝖧𝖠𝖸𝖠𝖲𝖠𝖪𝖨 𝖲𝖴𝖹𝖴𝖪𝖨✣ 🔔  #僕が見たかった青空 #僕青,2026-10-05,19312,795,22,2026-10-08
#MORESTAR #新井心菜 さん🧡 #遠藤まりん さん💙と一緒に「#空色の水しぶき」🚣‍♀️ @MORE_STAR1212,2026-10-05,11660,601,11,2026-10-08
【爆笑&白熱】僕青ミニミニ運動会 柳堀軍 VS 塩釜軍 🔥,2026-10-04,69962,1239,201,2026-10-08
🎤「#空色の水しぶき 」#早﨑すずき  推し動画🎥 #僕が見たかった青空 #僕青 #anation,2026-10-04,11860,623,27,2026-10-08
新制服＆ハーフツインのあみーごに大接近🤎🎀#金澤亜美  #僕が見たかった青空 #僕青,2026-10-04,8191,401,21,2026-10-08
「a-nation 2026」ダイジェスト💙2年ぶりのa-nationでのパフォーマンスありがとうございました✨#anation2026#僕が見たかった青空 #僕青,2026-10-03,19270,632,15,2026-10-08
「a-nation 2026」ありがとうございました💙 #anation2026 #僕が見たかった青空 #僕青,2026-10-03,20537,761,25,2026-10-08
エレンの雑談と言っても過言ではない。#13,2026-10-03,9884,155,2,2026-10-08
君と紡ぐ赤い糸　#杉浦英恋 #八木仁愛 #僕が見たかった青空 #僕青 #dance,2026-10-02,11220,371,11,2026-10-08
うなとリコ🐟さかなぁぁぁぁぁ!!!明日はSASUKEアイドル予選会2026に#須永心海 が出場します🔥 #岩本理瑚 #僕が見たかった青空 #僕青,2026-09-30,15498,336,16,2026-10-08
自由自在に身体を操る八木の意外な一面…?!🐶#八木仁愛 #八木ダンス#ATEEZ #BAD#僕が見たかった青空,2026-09-28,11493,502,27,2026-10-08
#CANDYTUNE #小川奈々子 さん💚 #桐原美月 さん💙と一緒に「#空色の水しぶき」🚣‍♀️ @candy_tune  #きゃんちゅー #ガルアワ2026AW#僕が見たかった青空 #僕青,2026-09-28,15162,963,19,2026-10-08
9th新制服に変身🪄最後まで見てね🔔 #早﨑すずき #僕が見たかった青空 #僕青 #makeup,2026-09-27,10456,366,11,2026-10-08
あみ×すず🎀🔔『Rakuten GirlsAward 2026 AUTUMN/WINTER』ありがとうございました💙#金澤亜美 #早﨑すずき #ガルアワ2026AW#僕が見たかった青空 #僕青,2026-09-26,6076,252,9,2026-10-08
セルフ音源で練習中のすずあみ🔔🎀 #金澤亜美 #早﨑すずき #僕青 #僕が見たかった青空,2026-09-26,14299,572,21,2026-10-08
#金澤亜美 推しカメラ🎥🎵「#あれはフェアリー」　#僕が見たかった青空 #僕青,2026-09-25,6813,374,11,2026-10-08
エレンの雑談と言っても過言ではない。#12,2026-09-25,11014,177,11,2026-10-08
エレンの雑談と言っても過言ではない。#14,2026-10-08,532,51,0,2026-10-09
莉杏の可愛さに気づいてないのかにゃ？💘　#秋田莉杏 #恋はじめました #僕が見たかった青空 #僕青,2026-10-08,2980,163,5,2026-10-09
✍️僕青メンバー紹介⋆｡ﾟ✧#岩本理瑚 ✣­­𝖨𝖶𝖠𝖬𝖮𝖳𝖮 𝖱𝖨𝖪𝖮✣­­🌻9th SINGLE 2026.11.18 RELEASE #僕が見たかった青空 #僕青,2026-10-08,11551,516,19,2026-10-09
✍️僕青メンバー紹介⋆｡ﾟ✧#須永心海 ✣­­𝖲𝖴𝖭𝖠𝖦𝖠 𝖬𝖨𝖴𝖭𝖠✣­­🫧9th SINGLE 2026.11.18 RELEASE #僕が見たかった青空 #僕青,2026-10-07,13177,522,38,2026-10-09
✍️僕青メンバー紹介⋆｡ﾟ✧ #秋田莉杏 ✣­­𝖠𝖪𝖨𝖳𝖠 𝖱𝖨𝖠𝖭✣­­🥋 #僕が見たかった青空 #僕青,2026-10-06,11505,427,23,2026-10-09
✍️僕青メンバー紹介⋆｡ﾟ✧ #早﨑すずき ✣­­𝖧𝖠𝖸𝖠𝖲𝖠𝖪𝖨 𝖲𝖴𝖹𝖴𝖪𝖨✣ 🔔  #僕が見たかった青空 #僕青,2026-10-05,20665,827,23,2026-10-09
#MORESTAR #新井心菜 さん🧡 #遠藤まりん さん💙と一緒に「#空色の水しぶき」🚣‍♀️ @MORE_STAR1212,2026-10-05,12135,611,11,2026-10-09
【爆笑&白熱】僕青ミニミニ運動会 柳堀軍 VS 塩釜軍 🔥,2026-10-04,73150,1265,206,2026-10-09
🎤「#空色の水しぶき 」#早﨑すずき  推し動画🎥 #僕が見たかった青空 #僕青 #anation,2026-10-04,12417,650,26,2026-10-09
新制服＆ハーフツインのあみーごに大接近🤎🎀#金澤亜美  #僕が見たかった青空 #僕青,2026-10-04,8595,411,21,2026-10-09
「a-nation 2026」ダイジェスト💙2年ぶりのa-nationでのパフォーマンスありがとうございました✨#anation2026#僕が見たかった青空 #僕青,2026-10-03,19568,636,15,2026-10-09
「a-nation 2026」ありがとうございました💙 #anation2026 #僕が見たかった青空 #僕青,2026-10-03,20965,772,25,2026-10-09
エレンの雑談と言っても過言ではない。#13,2026-10-03,10022,157,3,2026-10-09
君と紡ぐ赤い糸　#杉浦英恋 #八木仁愛 #僕が見たかった青空 #僕青 #dance,2026-10-02,11861,385,11,2026-10-09
うなとリコ🐟さかなぁぁぁぁぁ!!!明日はSASUKEアイドル予選会2026に#須永心海 が出場します🔥 #岩本理瑚 #僕が見たかった青空 #僕青,2026-09-30,15863,343,16,2026-10-09
自由自在に身体を操る八木の意外な一面…?!🐶#八木仁愛 #八木ダンス#ATEEZ #BAD#僕が見たかった青空,2026-09-28,11680,508,27,2026-10-09
#CANDYTUNE #小川奈々子 さん💚 #桐原美月 さん💙と一緒に「#空色の水しぶき」🚣‍♀️ @candy_tune  #きゃんちゅー #ガルアワ2026AW#僕が見たかった青空 #僕青,2026-09-28,15277,968,19,2026-10-09
9th新制服に変身🪄最後まで見てね🔔 #早﨑すずき #僕が見たかった青空 #僕青 #makeup,2026-09-27,10583,369,11,2026-10-09
あみ×すず🎀🔔『Rakuten GirlsAward 2026 AUTUMN/WINTER』ありがとうございました💙#金澤亜美 #早﨑すずき #ガルアワ2026AW#僕が見たかった青空 #僕青,2026-09-26,6143,252,9,2026-10-09
エレンの雑談と言っても過言ではない。#14,2026-10-09,7586,144,3,2026-10-10
✍️僕青メンバー紹介⋆｡ﾟ✧#杉浦英恋 ✣­­𝖲𝖴𝖦𝖨𝖴𝖱𝖠 𝖤𝖱𝖤𝖭✣­­🧿 𝟵𝘁𝗵 𝗦𝗜𝗡𝗚𝗟𝗘𝟮𝟬𝟮𝟲.𝟭𝟭.𝟭𝟴 𝗥𝗘𝗟𝗘𝗔𝗦𝗘#僕が見たかった青空 #僕青,2026-10-09,8895,363,17,2026-10-10
莉杏の可愛さに気づいてないのかにゃ？💘　#秋田莉杏 #恋はじめました #僕が見たかった青空 #僕青,2026-10-08,4172,195,5,2026-10-10
✍️僕青メンバー紹介⋆｡ﾟ✧#岩本理瑚 ✣­­𝖨𝖶𝖠𝖬𝖮𝖳𝖮 𝖱𝖨𝖪𝖮✣­­🌻9th SINGLE 2026.11.18 RELEASE #僕が見たかった青空 #僕青,2026-10-08,14522,571,22,2026-10-10
✍️僕青メンバー紹介⋆｡ﾟ✧#須永心海 ✣­­𝖲𝖴𝖭𝖠𝖦𝖠 𝖬𝖨𝖴𝖭𝖠✣­­🫧9th SINGLE 2026.11.18 RELEASE #僕が見たかった青空 #僕青,2026-10-07,14846,553,38,2026-10-10
✍️僕青メンバー紹介⋆｡ﾟ✧ #秋田莉杏 ✣­­𝖠𝖪𝖨𝖳𝖠 𝖱𝖨𝖠𝖭✣­­🥋 #僕が見たかった青空 #僕青,2026-10-06,12514,450,23,2026-10-10
✍️僕青メンバー紹介⋆｡ﾟ✧ #早﨑すずき ✣­­𝖧𝖠𝖸𝖠𝖲𝖠𝖪𝖨 𝖲𝖴𝖹𝖴𝖪𝖨✣ 🔔  #僕が見たかった青空 #僕青,2026-10-05,21528,852,24,2026-10-10
#MORESTAR #新井心菜 さん🧡 #遠藤まりん さん💙と一緒に「#空色の水しぶき」🚣‍♀️ @MORE_STAR1212,2026-10-05,12526,620,11,2026-10-10
【爆笑&白熱】僕青ミニミニ運動会 柳堀軍 VS 塩釜軍 🔥,2026-10-04,75833,1291,215,2026-10-10
🎤「#空色の水しぶき 」#早﨑すずき  推し動画🎥 #僕が見たかった青空 #僕青 #anation,2026-10-04,12925,665,26,2026-10-10
新制服＆ハーフツインのあみーごに大接近🤎🎀#金澤亜美  #僕が見たかった青空 #僕青,2026-10-04,9011,420,21,2026-10-10
「a-nation 2026」ダイジェスト💙2年ぶりのa-nationでのパフォーマンスありがとうございました✨#anation2026#僕が見たかった青空 #僕青,2026-10-03,19814,638,15,2026-10-10
「a-nation 2026」ありがとうございました💙 #anation2026 #僕が見たかった青空 #僕青,2026-10-03,21240,778,25,2026-10-10
エレンの雑談と言っても過言ではない。#13,2026-10-03,10204,161,3,2026-10-10
君と紡ぐ赤い糸　#杉浦英恋 #八木仁愛 #僕が見たかった青空 #僕青 #dance,2026-10-02,12754,405,11,2026-10-10
うなとリコ🐟さかなぁぁぁぁぁ!!!明日はSASUKEアイドル予選会2026に#須永心海 が出場します🔥 #岩本理瑚 #僕が見たかった青空 #僕青,2026-09-30,16299,352,16,2026-10-10
自由自在に身体を操る八木の意外な一面…?!🐶#八木仁愛 #八木ダンス#ATEEZ #BAD#僕が見たかった青空,2026-09-28,11889,514,27,2026-10-10
#CANDYTUNE #小川奈々子 さん💚 #桐原美月 さん💙と一緒に「#空色の水しぶき」🚣‍♀️ @candy_tune  #きゃんちゅー #ガルアワ2026AW#僕が見たかった青空 #僕青,2026-09-28,15433,970,19,2026-10-10
